机型,阶段,模式,数据来源,实测/理论,亮度,色点x,色点y,色温,Duv,SSI,灯温,duty,对比度,色域,照度计编号,整机SN,版本-固件,版本-image,测试日期,日期
雅典娜,EVT,三段AI,产线测试,实测,2100.00000,0.26550,0.27640,12000.00000,0.00000,0.00000,0.00000,0.00000,0.00000,0.00000,,1234567.0,,,,2026-05-07
雅典娜2代,MP,overlap,认证机构,实测,3400.00000,0.00000,0.00000,0.00000,0.00000,0.00000,0.00000,0.00000,0.00000,0.00000,,,,,,
宝莱坞,EVT,三段AI,研发测试,实测,100.00000,0.26000,0.27000,6500.00000,0.00300,85.00000,6500.00000,50.00000,1000.00000,100.00000,,,,,,
